<?xml version="1.0" encoding="UTF-8"?>
<deploymentPolicy xmlns:xsi="http://www.w3.org/2001/XMLSchema-instance"
    xsi:schemaLocation="http://ibm.com/ws/objectgrid/deploymentPolicy ../deploymentPolicy.xsd"
    xmlns="http://ibm.com/ws/objectgrid/deploymentPolicy">

    <objectgridDeployment objectgridName="NorthwindGrid">
        <mapSet
            name="Customer_MapSet"
            numberOfPartitions="2"
            minSyncReplicas="0"
            maxSyncReplicas="0"
            maxAsyncReplicas="0"
            replicaReadEnabled="false"
            numInitialContainers="1"
            autoReplaceLostShards="true"
            developmentMode="true"
            placementStrategy="FIXED_PARTITIONS">

            <map ref="Customer"/>
            <map ref="Order"/>
            <map ref="OrderDetail"/>
        </mapSet>

        <mapSet
            name="Category_Product_MapSet"
            numberOfPartitions="2"
            minSyncReplicas="0"
            maxSyncReplicas="0"
            maxAsyncReplicas="0"
            replicaReadEnabled="false"
            numInitialContainers="1"
            autoReplaceLostShards="true"
            developmentMode="true"
            placementStrategy="FIXED_PARTITIONS">

            <map ref="Category"/>
            <map ref="Product"/>
        </mapSet>
    </objectgridDeployment>

</deploymentPolicy>
