<?xml version="1.0" encoding="UTF-8"?>
<objectGridConfig xmlns:xsi="http://www.w3.org/2001/XMLSchema-instance"
    xsi:schemaLocation="http://ibm.com/ws/objectgrid/config ../objectGrid.xsd"
    xmlns="http://ibm.com/ws/objectgrid/config">

    <objectGrids>
	  <objectGrid name="NorthwindGrid" securityEnabled="true" entityMetadataXMLFile="emd.xml">
            <backingMap
                name="Customer"
                lockStrategy="OPTIMISTIC"
                pluginCollectionRef="plugin_Customer"
            />
            <backingMap
                name="Order"
                lockStrategy="OPTIMISTIC"
                pluginCollectionRef="plugin_Order"
            />
            <backingMap
                name="Category"
                lockStrategy="OPTIMISTIC"
                pluginCollectionRef="plugin_Category"
            />
            <backingMap
                name="Product"
                lockStrategy="OPTIMISTIC"
                pluginCollectionRef="plugin_Product"
            />
            <backingMap
                name="OrderDetail"
                lockStrategy="OPTIMISTIC"
                pluginCollectionRef="plugin_OrderDetail"
            />

        </objectGrid>
    </objectGrids>

    <backingMapPluginCollections>
        <backingMapPluginCollection id="plugin_Customer">
        </backingMapPluginCollection>
        <backingMapPluginCollection id="plugin_Order">
        </backingMapPluginCollection>
        <backingMapPluginCollection id="plugin_Category">
        </backingMapPluginCollection>
        <backingMapPluginCollection id="plugin_Product">
        </backingMapPluginCollection>
        <backingMapPluginCollection id="plugin_OrderDetail">
        </backingMapPluginCollection>
    </backingMapPluginCollections>
</objectGridConfig>
