<!--
This sample program is provided AS IS and may be used, executed, copied and
modified without royalty payment by customer (a) for its own instruction and
study, (b) in order to develop applications designed to run with an IBM
WebSphere product, either for customer's own internal use or for redistribution
by customer, as part of such an application, in customer's own products.

5724-J34 (C) COPYRIGHT International Business Machines Corp. 2009
All Rights Reserved * Licensed Materials - Property of IBM
-->

<!--
This file is the WebSphere eXtreme Scale REST data service getting started
sample deployment plan for WebSphere Application Server Community Edition.

This file is required when installing the eXtreme Scale REST data service
WAR module on a WebSphere Application Server Community Edition server.

For additional details on how to use this file, see the eXtreme Scale REST data service
product documentation.
-->
<web-app xmlns="http://geronimo.apache.org/xml/ns/j2ee/web-2.0.1"
       xmlns:sys="http://geronimo.apache.org/xml/ns/deployment-1.2">



    <sys:environment>
        <sys:moduleId>
            <sys:groupId>com.ibm.websphere.xs</sys:groupId>
            <sys:artifactId>restservice</sys:artifactId>
            <sys:version>3.0</sys:version>
            <sys:type>war</sys:type>
        </sys:moduleId>

        <sys:dependencies>
            <!--
                Update the version as needed for the target version of the eXtreme Scale client
                as it was added to the WebSphere Application Server CE repository.
            -->
            <sys:dependency>
                <sys:groupId>com.ibm.websphere.xs</sys:groupId>
                <sys:artifactId>ogclient</sys:artifactId>
                <sys:version>7.0</sys:version>
                <sys:type>jar</sys:type>
            </sys:dependency>
        </sys:dependencies>
    </sys:environment>

    <context-root>/wxsrestservice</context-root>

    <!--
      Update the following paths for the classesDirs attribute to refer to the REST data service directory.
      For example:  /opt/IBM/WebSphere/eXtremeScale/ObjectGrid
    -->
    <gbean name="GettingStarted_Client_SharedLib" class="org.apache.geronimo.system.sharedlib.SharedLib">
        <attribute name="classesDirs">/opt/IBM/WebSphere/eXtremeScale/ObjectGrid/restservice/gettingstarted/restclient/bin</attribute>
        <reference name="ServerInfo">
            <name>ServerInfo</name>
        </reference>
    </gbean>
    <gbean name="GettingStarted_Common_SharedLib" class="org.apache.geronimo.system.sharedlib.SharedLib">
        <attribute name="classesDirs">/opt/IBM/WebSphere/eXtremeScale/ObjectGrid/restservice/gettingstarted/common/bin</attribute>
        <reference name="ServerInfo">
            <name>ServerInfo</name>
        </reference>
    </gbean>

</web-app>
